1063	C:\Users\napretep\PycharmProjects\anki-linkmaster-PDFJS\src\backend\launcher.py
991	C:\Users\napretep\PycharmProjects\anki-linkmaster-PDFJS\src\frontend\pdf-viewer\launcher.py
662	C:\Users\napretep\PycharmProjects\anki-linkmaster-PDFJS\src\frontend\pdf-home\pyqt-bridge.py
599	C:\Users\napretep\PycharmProjects\anki-linkmaster-PDFJS\src\backend\pdfFile_server\embed_fileserver.py
558	C:\Users\napretep\PycharmProjects\anki-linkmaster-PDFJS\src\backend\msgCenter_server\crypto.py
558	C:\Users\napretep\PycharmProjects\anki-linkmaster-PDFJS\src\frontend\pdf-home\launcher.py
556	C:\Users\napretep\PycharmProjects\anki-linkmaster-PDFJS\src\backend\database\plugins\pdf_annotation_plugin.py
554	C:\Users\napretep\PycharmProjects\anki-linkmaster-PDFJS\src\backend\database\plugins\pdf_bookmark_plugin.py
531	C:\Users\napretep\PycharmProjects\anki-linkmaster-PDFJS\src\frontend\pdf-viewer\pyqt\main_window.py
516	C:\Users\napretep\PycharmProjects\anki-linkmaster-PDFJS\src\backend\database\plugins\pdf_info\read_ops.py
504	C:\Users\napretep\PycharmProjects\anki-linkmaster-PDFJS\src\backend\api\standard_error_handler.py
503	C:\Users\napretep\PycharmProjects\anki-linkmaster-PDFJS\src\backend\pdf_manager\standard_manager.py
500	C:\Users\napretep\PycharmProjects\anki-linkmaster-PDFJS\src\backend\api\__tests__\test_pdf_library_api.py
460	C:\Users\napretep\PycharmProjects\anki-linkmaster-PDFJS\src\backend\msgCenter_server\handlers\pdf_library.py
442	C:\Users\napretep\PycharmProjects\anki-linkmaster-PDFJS\src\backend\database\plugin\__tests__\test_plugin_registry.py
404	C:\Users\napretep\PycharmProjects\anki-linkmaster-PDFJS\src\backend\msgCenter_server\standard_server.py
394	C:\Users\napretep\PycharmProjects\anki-linkmaster-PDFJS\src\backend\api\pdf_library_api_impl.py
379	C:\Users\napretep\PycharmProjects\anki-linkmaster-PDFJS\src\backend\database\plugins\search_condition_plugin.py
363	C:\Users\napretep\PycharmProjects\anki-linkmaster-PDFJS\src\backend\database\plugins\pdf_bookanchor_plugin.py
361	C:\Users\napretep\PycharmProjects\anki-linkmaster-PDFJS\src\backend\database\plugin\plugin_registry.py
352	C:\Users\napretep\PycharmProjects\anki-linkmaster-PDFJS\src\backend\database\plugin\__tests__\test_base_table_plugin.py
345	C:\Users\napretep\PycharmProjects\anki-linkmaster-PDFJS\src\backend\msgCenter_server\standard_protocol.py
341	C:\Users\napretep\PycharmProjects\anki-linkmaster-PDFJS\src\backend\database\plugin\base_table_plugin.py
335	C:\Users\napretep\PycharmProjects\anki-linkmaster-PDFJS\src\backend\database\plugins\__tests__\test_pdf_annotation_plugin.py
321	C:\Users\napretep\PycharmProjects\anki-linkmaster-PDFJS\src\frontend\pdf-viewer\pyqt\pdf_viewer_bridge.py
317	C:\Users\napretep\PycharmProjects\anki-linkmaster-PDFJS\src\backend\pdf_manager\utils.py
315	C:\Users\napretep\PycharmProjects\anki-linkmaster-PDFJS\src\frontend\pdf-home\main_window.py
315	C:\Users\napretep\PycharmProjects\anki-linkmaster-PDFJS\src\backend\database\plugins\__tests__\test_pdf_bookmark_plugin.py
292	C:\Users\napretep\PycharmProjects\anki-linkmaster-PDFJS\src\backend\pdfFile_server\handlers\pdf_handler.py
284	C:\Users\napretep\PycharmProjects\anki-linkmaster-PDFJS\src\frontend\pyqtui\main_window.py
269	C:\Users\napretep\PycharmProjects\anki-linkmaster-PDFJS\src\backend\pdf_manager\models.py
268	C:\Users\napretep\PycharmProjects\anki-linkmaster-PDFJS\src\backend\database\plugins\__tests__\test_pdf_info_plugin.py
254	C:\Users\napretep\PycharmProjects\anki-linkmaster-PDFJS\src\backend\test_ui.py
246	C:\Users\napretep\PycharmProjects\anki-linkmaster-PDFJS\src\launcher\runner.py
243	C:\Users\napretep\PycharmProjects\anki-linkmaster-PDFJS\src\backend\database\executor.py
238	C:\Users\napretep\PycharmProjects\anki-linkmaster-PDFJS\src\backend\msgCenter_server\handlers\capability.py
237	C:\Users\napretep\PycharmProjects\anki-linkmaster-PDFJS\src\backend\database\plugin\event_bus.py
235	C:\Users\napretep\PycharmProjects\anki-linkmaster-PDFJS\src\backend\database\connection.py
232	C:\Users\napretep\PycharmProjects\anki-linkmaster-PDFJS\src\backend\database\plugins\__tests__\test_search_condition_plugin.py
231	C:\Users\napretep\PycharmProjects\anki-linkmaster-PDFJS\src\backend\database\__tests__\test_executor.py
217	C:\Users\napretep\PycharmProjects\anki-linkmaster-PDFJS\src\backend\api\pdf-home\search\service.py
215	C:\Users\napretep\PycharmProjects\anki-linkmaster-PDFJS\src\backend\api\pdf-viewer\bookmark\service.py
215	C:\Users\napretep\PycharmProjects\anki-linkmaster-PDFJS\src\backend\msgCenter_server\server.py
215	C:\Users\napretep\PycharmProjects\anki-linkmaster-PDFJS\src\backend\api\pdf_library\utils.py
214	C:\Users\napretep\PycharmProjects\anki-linkmaster-PDFJS\src\backend\pdfFile_server\__tests__\test_embed_fileserver.py
207	C:\Users\napretep\PycharmProjects\anki-linkmaster-PDFJS\src\backend\database\plugin\__tests__\test_event_bus.py
207	C:\Users\napretep\PycharmProjects\anki-linkmaster-PDFJS\src\backend\api\pdf_library\search.py
201	C:\Users\napretep\PycharmProjects\anki-linkmaster-PDFJS\src\integrations\anki_event_bridge.py
199	C:\Users\napretep\PycharmProjects\anki-linkmaster-PDFJS\src\backend\msgCenter_server\embed_msgcenter.py
195	C:\Users\napretep\PycharmProjects\anki-linkmaster-PDFJS\src\backend\__tests__\manual_test_ui.py
190	C:\Users\napretep\PycharmProjects\anki-linkmaster-PDFJS\src\frontend\pdf-home\js_console_logger.py
190	C:\Users\napretep\PycharmProjects\anki-linkmaster-PDFJS\src\backend\msgCenter_server\protocol.py
185	C:\Users\napretep\PycharmProjects\anki-linkmaster-PDFJS\src\backend\pdfFile_server\server\http_server.py
181	C:\Users\napretep\PycharmProjects\anki-linkmaster-PDFJS\src\backend\database\plugins\pdf_info\write_ops.py
179	C:\Users\napretep\PycharmProjects\anki-linkmaster-PDFJS\src\frontend\common\launch_config.py
176	C:\Users\napretep\PycharmProjects\anki-linkmaster-PDFJS\src\frontend\pdf-viewer\pyqt\screenshot_handler.py
175	C:\Users\napretep\PycharmProjects\anki-linkmaster-PDFJS\src\backend\database\transaction.py
169	C:\Users\napretep\PycharmProjects\anki-linkmaster-PDFJS\src\backend\database\__tests__\test_transaction.py
169	C:\Users\napretep\PycharmProjects\anki-linkmaster-PDFJS\src\backend\logging\cdp_logger.py
168	C:\Users\napretep\PycharmProjects\anki-linkmaster-PDFJS\src\backend\msgCenter_server\handlers\pdf_viewer\annotation.py
164	C:\Users\napretep\PycharmProjects\anki-linkmaster-PDFJS\src\backend\msgCenter_server\handlers\pdf_viewer\viewer.py
164	C:\Users\napretep\PycharmProjects\anki-linkmaster-PDFJS\src\frontend\pdf-viewer\pyqt\js_console_logger_qt.py
162	C:\Users\napretep\PycharmProjects\anki-linkmaster-PDFJS\src\backend\msgCenter_server\handlers\pdf_viewer\anchor.py
157	C:\Users\napretep\PycharmProjects\anki-linkmaster-PDFJS\src\backend\api\pdf-home\add\service.py
146	C:\Users\napretep\PycharmProjects\anki-linkmaster-PDFJS\src\backend\__tests__\test_backend_launcher.py
141	C:\Users\napretep\PycharmProjects\anki-linkmaster-PDFJS\src\backend\msgCenter_server\core\message_types.py
140	C:\Users\napretep\PycharmProjects\anki-linkmaster-PDFJS\src\backend\database\config.py
135	C:\Users\napretep\PycharmProjects\anki-linkmaster-PDFJS\src\backend\pdfFile_server\cli\main.py
135	C:\Users\napretep\PycharmProjects\anki-linkmaster-PDFJS\src\backend\database\plugins\__tests__\fixtures\search_condition_samples.py
132	C:\Users\napretep\PycharmProjects\anki-linkmaster-PDFJS\src\backend\pdfFile_server\__tests__\manual_test_embed_fileserver.py
129	C:\Users\napretep\PycharmProjects\anki-linkmaster-PDFJS\src\backend\database\plugins\__tests__\fixtures\pdf_bookmark_samples.py
125	C:\Users\napretep\PycharmProjects\anki-linkmaster-PDFJS\src\launcher\config.py
125	C:\Users\napretep\PycharmProjects\anki-linkmaster-PDFJS\src\frontend\pdf-home\launcher.integrated-websocket.example.py
124	C:\Users\napretep\PycharmProjects\anki-linkmaster-PDFJS\src\backend\database\plugins\pdf_info_plugin.py
123	C:\Users\napretep\PycharmProjects\anki-linkmaster-PDFJS\src\backend\msgCenter_server\handlers\storage_kv.py
119	C:\Users\napretep\PycharmProjects\anki-linkmaster-PDFJS\src\backend\database\__tests__\test_connection.py
116	C:\Users\napretep\PycharmProjects\anki-linkmaster-PDFJS\src\backend\database\plugins\pdf_info\validate.py
116	C:\Users\napretep\PycharmProjects\anki-linkmaster-PDFJS\src\backend\msgCenter_server\handlers\pdf_viewer\bookmark.py
114	C:\Users\napretep\PycharmProjects\anki-linkmaster-PDFJS\src\backend\api\pdf_library\bootstrap.py
110	C:\Users\napretep\PycharmProjects\anki-linkmaster-PDFJS\src\backend\msgCenter_server\handlers\storage_fs.py
109	C:\Users\napretep\PycharmProjects\anki-linkmaster-PDFJS\src\backend\database\plugins\__tests__\fixtures\pdf_annotation_samples.py
103	C:\Users\napretep\PycharmProjects\anki-linkmaster-PDFJS\src\backend\msgCenter_server\core\schema_validation.py
100	C:\Users\napretep\PycharmProjects\anki-linkmaster-PDFJS\src\qt\compat.py
99	C:\Users\napretep\PycharmProjects\anki-linkmaster-PDFJS\src\backend\msgCenter_server\__tests__\test_annotation_messages.py
92	C:\Users\napretep\PycharmProjects\anki-linkmaster-PDFJS\src\backend\scripts\archived\test_pdf_list_output.py
87	C:\Users\napretep\PycharmProjects\anki-linkmaster-PDFJS\src\backend\database\exceptions.py
85	C:\Users\napretep\PycharmProjects\anki-linkmaster-PDFJS\src\backend\api\pdf_library\add.py
83	C:\Users\napretep\PycharmProjects\anki-linkmaster-PDFJS\src\backend\database\plugins\__tests__\test_pdf_info_plugin_search_records.py
82	C:\Users\napretep\PycharmProjects\anki-linkmaster-PDFJS\src\backend\msgCenter_server\__tests__\viewer_navigate_forwarding.test.py
82	C:\Users\napretep\PycharmProjects\anki-linkmaster-PDFJS\src\backend\msgCenter_server\core\msg_router.py
81	C:\Users\napretep\PycharmProjects\anki-linkmaster-PDFJS\src\backend\msgCenter_server\handlers\pdf_viewer\pdf_pages.py
81	C:\Users\napretep\PycharmProjects\anki-linkmaster-PDFJS\src\backend\database\plugins\__tests__\fixtures\pdf_info_samples.py
81	C:\Users\napretep\PycharmProjects\anki-linkmaster-PDFJS\src\backend\msgCenter_server\core\server_core.py
80	C:\Users\napretep\PycharmProjects\anki-linkmaster-PDFJS\src\backend\pdfFile_server\config\settings.py
80	C:\Users\napretep\PycharmProjects\anki-linkmaster-PDFJS\src\backend\api\__tests__\test_api_service_registry.py
80	C:\Users\napretep\PycharmProjects\anki-linkmaster-PDFJS\src\backend\api\pdf-viewer\anchor\service.py
80	C:\Users\napretep\PycharmProjects\anki-linkmaster-PDFJS\src\backend\scripts\deprecated\verify_migration.py
79	C:\Users\napretep\PycharmProjects\anki-linkmaster-PDFJS\src\backend\database\__tests__\test_exceptions.py
79	C:\Users\napretep\PycharmProjects\anki-linkmaster-PDFJS\src\backend\msgCenter_server\core\response.py
76	C:\Users\napretep\PycharmProjects\anki-linkmaster-PDFJS\src\backend\msgCenter_server\client.py
75	C:\Users\napretep\PycharmProjects\anki-linkmaster-PDFJS\src\backend\api\__tests__\test_bookmark_persistence.py
75	C:\Users\napretep\PycharmProjects\anki-linkmaster-PDFJS\src\backend\database\__tests__\conftest.py
74	C:\Users\napretep\PycharmProjects\anki-linkmaster-PDFJS\src\backend\database\plugins\__tests__\test_pdf_info_plugin_weighted_tags_formula.py
72	C:\Users\napretep\PycharmProjects\anki-linkmaster-PDFJS\src\backend\scripts\deprecated\set_demo_values.py
71	C:\Users\napretep\PycharmProjects\anki-linkmaster-PDFJS\src\launcher\dev_server.py
71	C:\Users\napretep\PycharmProjects\anki-linkmaster-PDFJS\src\launcher\ports.py
70	C:\Users\napretep\PycharmProjects\anki-linkmaster-PDFJS\src\backend\scripts\archived\debug_websocket_message.py
70	C:\Users\napretep\PycharmProjects\anki-linkmaster-PDFJS\src\backend\msgCenter_server\__tests__\test_standard_server_bookmarks.py
70	C:\Users\napretep\PycharmProjects\anki-linkmaster-PDFJS\src\backend\scripts\deprecated\migrate_pdf_fields.py
69	C:\Users\napretep\PycharmProjects\anki-linkmaster-PDFJS\src\backend\pdfFile_server\utils\logging_config.py
63	C:\Users\napretep\PycharmProjects\anki-linkmaster-PDFJS\src\backend\msgCenter_server\__tests__\test_storage_kv_and_fs.py
62	C:\Users\napretep\PycharmProjects\anki-linkmaster-PDFJS\src\backend\msgCenter_server\__tests__\test_pdf_pages_success.py
62	C:\Users\napretep\PycharmProjects\anki-linkmaster-PDFJS\src\backend\database\plugins\__tests__\test_pdf_info_plugin_sorting_sql.py
59	C:\Users\napretep\PycharmProjects\anki-linkmaster-PDFJS\src\backend\msgCenter_server\handlers\__tests__\test_annotation_handlers_unit.py
58	C:\Users\napretep\PycharmProjects\anki-linkmaster-PDFJS\src\backend\msgCenter_server\__tests__\test_standard_server_messages.py
58	C:\Users\napretep\PycharmProjects\anki-linkmaster-PDFJS\src\backend\msgCenter_server\__tests__\test_annotation_and_anchor_negative.py
56	C:\Users\napretep\PycharmProjects\anki-linkmaster-PDFJS\src\backend\msgCenter_server\core\server_api.py
54	C:\Users\napretep\PycharmProjects\anki-linkmaster-PDFJS\src\backend\msgCenter_server\handlers\infra\notifications.py
53	C:\Users\napretep\PycharmProjects\anki-linkmaster-PDFJS\src\frontend\pdf-viewer\pyqt\js_console_logger.py
53	C:\Users\napretep\PycharmProjects\anki-linkmaster-PDFJS\src\backend\msgCenter_server\__tests__\test_pdf_library_full_coverage.py
51	C:\Users\napretep\PycharmProjects\anki-linkmaster-PDFJS\src\backend\msgCenter_server\handlers\misc.py
50	C:\Users\napretep\PycharmProjects\anki-linkmaster-PDFJS\src\backend\msgCenter_server\__tests__\test_standard_server_pdf_pages_and_debug.py
50	C:\Users\napretep\PycharmProjects\anki-linkmaster-PDFJS\src\backend\api\__tests__\test_pdf_library_api_smoke.py
47	C:\Users\napretep\PycharmProjects\anki-linkmaster-PDFJS\src\backend\msgCenter_server\handlers\infra\debug.py
46	C:\Users\napretep\PycharmProjects\anki-linkmaster-PDFJS\src\backend\database\__init__.py
41	C:\Users\napretep\PycharmProjects\anki-linkmaster-PDFJS\src\launcher\__tests__\test_gui_launcher_path_params.py
40	C:\Users\napretep\PycharmProjects\anki-linkmaster-PDFJS\src\backend\pdfFile_server\__init__.py
38	C:\Users\napretep\PycharmProjects\anki-linkmaster-PDFJS\src\backend\msgCenter_server\core\__tests__\test_schema_validation.py
38	C:\Users\napretep\PycharmProjects\anki-linkmaster-PDFJS\src\backend\logging\pdfjs_logger.py
37	C:\Users\napretep\PycharmProjects\anki-linkmaster-PDFJS\src\backend\msgCenter_server\__main__.py
37	C:\Users\napretep\PycharmProjects\anki-linkmaster-PDFJS\src\backend\msgCenter_server\__tests__\test_capability_registry.py
36	C:\Users\napretep\PycharmProjects\anki-linkmaster-PDFJS\src\backend\api\utils\datetime.py
34	C:\Users\napretep\PycharmProjects\anki-linkmaster-PDFJS\src\backend\database\plugins\__tests__\test_event_name_format.py
32	C:\Users\napretep\PycharmProjects\anki-linkmaster-PDFJS\src\backend\api\utils\mapping.py
30	C:\Users\napretep\PycharmProjects\anki-linkmaster-PDFJS\src\frontend\pdf-home\__tests__\test_pyqt_bridge_url.py
28	C:\Users\napretep\PycharmProjects\anki-linkmaster-PDFJS\src\backend\api\service_registry.py
27	C:\Users\napretep\PycharmProjects\anki-linkmaster-PDFJS\src\backend\msgCenter_server\handlers\__tests__\test_storage_handlers_unit.py
26	C:\Users\napretep\PycharmProjects\anki-linkmaster-PDFJS\src\backend\msgCenter_server\utils\time.py
24	C:\Users\napretep\PycharmProjects\anki-linkmaster-PDFJS\src\backend\__tests__\outline_flag_pass_through.test.py
24	C:\Users\napretep\PycharmProjects\anki-linkmaster-PDFJS\src\backend\database\plugins\pdf_info\ddl.py
23	C:\Users\napretep\PycharmProjects\anki-linkmaster-PDFJS\src\backend\database\plugin\__init__.py
23	C:\Users\napretep\PycharmProjects\anki-linkmaster-PDFJS\src\backend\msgCenter_server\__tests__\test_console_log_route.py
22	C:\Users\napretep\PycharmProjects\anki-linkmaster-PDFJS\src\backend\msgCenter_server\__init__.py
21	C:\Users\napretep\PycharmProjects\anki-linkmaster-PDFJS\src\backend\pdfFile_server\__tests__\test_embed_fileserver_mime.py
18	C:\Users\napretep\PycharmProjects\anki-linkmaster-PDFJS\src\backend\msgCenter_server\__tests__\test_router_unknown_type.py
16	C:\Users\napretep\PycharmProjects\anki-linkmaster-PDFJS\src\backend\pdf_manager\config.py
14	C:\Users\napretep\PycharmProjects\anki-linkmaster-PDFJS\src\backend\database\__tests__\test_config_db_path_resolution.py
13	C:\Users\napretep\PycharmProjects\anki-linkmaster-PDFJS\src\backend\api\utils\tags.py
9	C:\Users\napretep\PycharmProjects\anki-linkmaster-PDFJS\src\backend\msgCenter_server\utils\config_path.py
7	C:\Users\napretep\PycharmProjects\anki-linkmaster-PDFJS\src\backend\pdfFile_server\__main__.py
7	C:\Users\napretep\PycharmProjects\anki-linkmaster-PDFJS\src\backend\database\plugins\pdf_info\__init__.py
6	C:\Users\napretep\PycharmProjects\anki-linkmaster-PDFJS\src\backend\database\plugins\pdf_info\constants.py
5	C:\Users\napretep\PycharmProjects\anki-linkmaster-PDFJS\src\backend\api\pdf-home\search\__init__.py
5	C:\Users\napretep\PycharmProjects\anki-linkmaster-PDFJS\src\backend\database\__tests__\__init__.py
5	C:\Users\napretep\PycharmProjects\anki-linkmaster-PDFJS\src\backend\database\plugin\__tests__\__init__.py
4	C:\Users\napretep\PycharmProjects\anki-linkmaster-PDFJS\src\backend\api\pdf-home\add\__init__.py
4	C:\Users\napretep\PycharmProjects\anki-linkmaster-PDFJS\src\backend\pdfFile_server\config\__init__.py
4	C:\Users\napretep\PycharmProjects\anki-linkmaster-PDFJS\src\backend\api\utils\__init__.py
4	C:\Users\napretep\PycharmProjects\anki-linkmaster-PDFJS\src\backend\pdfFile_server\handlers\__init__.py
4	C:\Users\napretep\PycharmProjects\anki-linkmaster-PDFJS\src\backend\pdfFile_server\cli\__init__.py
4	C:\Users\napretep\PycharmProjects\anki-linkmaster-PDFJS\src\backend\pdfFile_server\utils\__init__.py
4	C:\Users\napretep\PycharmProjects\anki-linkmaster-PDFJS\src\backend\pdfFile_server\server\__init__.py
4	C:\Users\napretep\PycharmProjects\anki-linkmaster-PDFJS\src\backend\api\pdf-viewer\bookmark\__init__.py
3	C:\Users\napretep\PycharmProjects\anki-linkmaster-PDFJS\src\backend\database\plugins\__init__.py
2	C:\Users\napretep\PycharmProjects\anki-linkmaster-PDFJS\src\backend\msgCenter_server\core\__init__.py
2	C:\Users\napretep\PycharmProjects\anki-linkmaster-PDFJS\src\backend\api\pdf_library\__init__.py
1	C:\Users\napretep\PycharmProjects\anki-linkmaster-PDFJS\src\backend\pdf_manager\__init__.py
1	C:\Users\napretep\PycharmProjects\anki-linkmaster-PDFJS\src\backend\api\pdf_library_api.py
1	C:\Users\napretep\PycharmProjects\anki-linkmaster-PDFJS\src\backend\database\plugins\__tests__\fixtures\__init__.py
1	C:\Users\napretep\PycharmProjects\anki-linkmaster-PDFJS\src\qt\__init__.py
1	C:\Users\napretep\PycharmProjects\anki-linkmaster-PDFJS\src\backend\database\plugins\__tests__\__init__.py
0	C:\Users\napretep\PycharmProjects\anki-linkmaster-PDFJS\src\backend\api\__init__.py
0	C:\Users\napretep\PycharmProjects\anki-linkmaster-PDFJS\src\backend\api\__tests__\__init__.py